{
  "data|5": [{
    "friendName|1": [{
        "src": "0.jpg",
        "user_name": "叫我陈老师"
      },
      {
        "src": "1.jpg",
        "user_name": "JUN"
      },
      {
        "src": "2.jpg",
        "user_name": "姜宝宝"
      },
      {
        "src": "3.jpg",
        "user_name": "啊楠"
      },
      {
        "src": "4.jpg",
        "user_name": "黄老板"
      },
      {
        "src": "5.jpg",
        "user_name": "HJY"
      },
      {
        "src": "6.jpg",
        "user_name": "Aenji"
      },
      {
        "src": "7.jpg",
        "user_name": "熙"
      },
      {
        "src": "8.jpg",
        "user_name": "HERMIT刘然"
      },
      {
        "src": "9.jpg",
        "user_name": "升啊"
      }
    ],
    "friendLevel|1": [
      "倔强青铜Ⅰ",
      "倔强青铜Ⅱ",
      "倔强青铜Ⅲ",
      "秩序白银Ⅰ",
      "秩序白银Ⅱ",
      "秩序白银Ⅲ",
      "荣耀黄金Ⅰ",
      "荣耀黄金Ⅱ",
      "荣耀黄金Ⅲ",
      "荣耀黄金Ⅳ",
      "尊贵铂金Ⅰ",
      "尊贵铂金Ⅱ",
      "尊贵铂金Ⅲ",
      "尊贵铂金Ⅳ",
      "永恒钻石Ⅰ",
      "永恒钻石Ⅱ",
      "永恒钻石Ⅲ",
      "永恒钻石Ⅳ",
      "永恒钻石Ⅴ",
      "至尊星耀Ⅰ",
      "至尊星耀Ⅱ",
      "至尊星耀Ⅲ",
      "至尊星耀Ⅳ",
      "至尊星耀Ⅴ",
      "最强王者",
      "荣耀王者",
    ],
    "friendSay|1": [
      "单局死亡10次，等等我，我还可以战斗",
      "一鼓作气获得3连胜",
      "换个姿势把星星赚回来",
      "连跪3场，不服输，撸起袖子加油干",
      "单局斩获10人",
      "今日升9星，手感不错，停不下来",
    ],
    "friendGame|1-3": [{
      "hero|1": [{
          "src": "ali.jpg",
          "hero_name": "公孙离"
        },
        {
          "src": "caocao.jpg",
          "hero_name": "曹操"
        },
        {
          "src": "diaochan.jpg",
          "hero_name": "貂蝉"
        },
        {
          "src": "nezha.jpg",
          "hero_name": "哪咤"
        },
        {
          "src": "sunce.jpg",
          "hero_name": "孙策"
        },
        {
          "src": "wu.jpg",
          "hero_name": "不知火舞"
        },
        {
          "src": "yingzheng.jpg",
          "hero_name": "嬴政"
        },
        {
          "src": "zetian.jpg",
          "hero_name": "武则天"
        },
        {
          "src": "zhangliang.jpg",
          "hero_name": "张良"
        },
        {
          "src": "zhaojun.jpg",
          "hero_name": "王昭君"
        }
      ],
      "friendKill|0-20": 20,
      "friendDeath|0-15": 15,
      "friendAssisting|0-25": 25,
      "friendEnding|1": [
        "失败",
        "胜利"
      ]
    }]
  }]
}