{
  "myHero|20": [{
    "hero|1": [{
        "src": "ali.jpg",
        "hero_name": "公孙离",
        "lei": "射手"
      },
      {
        "src": "caocao.jpg",
        "hero_name": "曹操",
        "lei": "战士"
      },
      {
        "src": "diaochan.jpg",
        "hero_name": "貂蝉",
        "lei": "刺客"
      },
      {
        "src": "nezha.jpg",
        "hero_name": "哪咤",
        "lei": "战士"
      },
      {
        "src": "sunce.jpg",
        "hero_name": "孙策",
        "lei": "战士"
      },
      {
        "src": "wu.jpg",
        "hero_name": "不知火舞",
        "lei": "刺客"
      },
      {
        "src": "yingzheng.jpg",
        "hero_name": "嬴政",
        "lei": "法师"
      },
      {
        "src": "zetian.jpg",
        "hero_name": "武则天",
        "lei": "法师"
      },
      {
        "src": "zhangliang.jpg",
        "hero_name": "张良",
        "lei": "法师"
      },
      {
        "src": "zhaojun.jpg",
        "hero_name": "王昭君",
        "lei": "法师"
      }
    ],
    "hero_level|1": [
      "见习",
      "资深",
      "精英",
      "宗师",
    ],
    "myPlay|0-200": 20,
    "myWin|1-100.2": 2,
    "myPower|1200-5000": 5000,
    "rank|1-50":50

  }]
}