{
  "myHero": [
    {
      "src": "wu1.png",
      "hero_name": "不知火舞",
      "lei": "刺客",
      "myPlay|0-200": 20,
      "myWin|1-100.2": 2,
      "myPower|1200-5000": 5000,
      "rank|1-50": 50,
      "hero_level|1": [
        "见习",
        "资深",
        "精英",
        "宗师",
      ]
    },
    {
      "src": "diaochan1.png",
      "hero_name": "貂蝉",
      "lei": "刺客",
      "myPlay|0-200": 20,
      "myWin|1-100.2": 2,
      "myPower|1200-5000": 5000,
      "rank|1-50": 50,
      "hero_level|1": [
        "见习",
        "资深",
        "精英",
        "宗师",
      ]
    },
    {
      "src": "yuji1.png",
      "hero_name": "虞姬",
      "lei": "射手",
      "myPlay|0-200": 20,
      "myWin|1-100.2": 2,
      "myPower|1200-5000": 5000,
      "rank|1-10":10,
      "hero_level|1": [
        "见习",
        "资深",
        "精英",
        "宗师",
      ]
    }
  ]

}