{
  "myResult|20": [{
    "hero|1": [{
        "src": "ali.jpg",
        "hero_name": "公孙离"
      },
      {
        "src": "caocao.jpg",
        "hero_name": "曹操"
      },
      {
        "src": "diaochan.jpg",
        "hero_name": "貂蝉"
      },
      {
        "src": "nezha.jpg",
        "hero_name": "哪咤"
      },
      {
        "src": "sunce.jpg",
        "hero_name": "孙策"
      },
      {
        "src": "wu.jpg",
        "hero_name": "不知火舞"
      },
      {
        "src": "yingzheng.jpg",
        "hero_name": "嬴政"
      },
      {
        "src": "zetian.jpg",
        "hero_name": "武则天"
      },
      {
        "src": "zhangliang.jpg",
        "hero_name": "张良"
      },
      {
        "src": "zhaojun.jpg",
        "hero_name": "王昭君"
      }
    ],
    "myKill|0-20": 20,
    "myDeath|0-15": 15,
    "myAssisting|0-25": 25,
    "myEnding|1": [
      1,
      0
    ],
    "myMVP|1": [
      1,
      0
    ],
    "myPai|1": [
      1,
      0
    ],
    "myFriendPai|1": [
      "",
      "(双排)",
      "(三排)",
      "(四排)",
      "(五排)"
    ],
    "myDate": '@date("MM-dd HH:mm")'
  }]
}