{
  "address|1": [
    "安卓手Q区",
    "安卓微信区",
    "IOS手Q区",
    "IOS微信区",
  ],
  "gameLevel|6-30":30,
  "myPlay|0-200": 20,
  "myWin|1-100.2": 2,
  "myPower|1200-5000": 5000,
  "myMVP|0-300": 300,
  "myHero|0-93": 93,
  "allHero": 93,
  "mySkin|0-254": 254,
  "skin": 254,
  "myLevel|1": [{
    "src": "level0.png",
    "name": "倔强青铜",
    "level|1": [
      "Ⅰ",
      "Ⅱ",
      "Ⅲ",
    ],
    "star|0-3":3
  },
  {
    "src": "level1.png",
    "name": "秩序白银",
    "level|1": [
      "Ⅰ",
      "Ⅱ",
      "Ⅲ",
    ],
    "star|0-3":3
  },
  {
    "src": "level2.png",
    "name": "荣耀黄金",
    "level|1": [
      "Ⅰ",
      "Ⅱ",
      "Ⅲ",
      "Ⅳ"
    ],
    "star|0-4":4
  },
  {
    "src": "level3.png",
    "name": "尊贵铂金",
    "level|1": [
      "Ⅰ",
      "Ⅱ",
      "Ⅲ",
      "Ⅳ"
    ],
    "star|0-5":5
  },
  {
    "src": "level4.png",
    "name": "永恒钻石",
    "level|1": [
      "Ⅰ",
      "Ⅱ",
      "Ⅲ",
      "Ⅳ",
      "Ⅴ"
    ],
    "star|0-5":5
  },
  {
    "src": "level5.png",
    "name": "最强王者",
    "level":"",
    "star|0-50": 50
  },
  {
    "src": "level5.png",
    "name": "荣耀王者",
    "level":"",
    "star|51-100": 100
  },
  
  ]
}













